{"cameraMode":{"drawMode":0,"name":"Shaded","section":"Shading Mode"},"sceneLighting":false,"audioPlay":false,"sceneViewState":{"m_AlwaysRefresh":false,"showFog":true,"showSkybox":false,"showFlares":true,"showImageEffects":true,"showParticleSystems":true,"showVisualEffectGraphs":true,"m_FxEnabled":true},"in2DMode":false,"pivot":{"x":0.5000000596046448,"y":15.003259658813477,"z":-0.35355252027511599},"rotation":{"x":-0.045402344316244128,"y":0.9354338049888611,"z":-0.13049541413784028,"w":-0.32543089985847475},"size":0.6322516202926636,"orthographic":false}